<?xml version="1.0" encoding="utf-8"?>

<instance xmlns="http://www.exelearning.org/content/v0.3" reference="1" version="0.3" xmlns:xsi="http://www.w3.org/2001/XMLSchema-instance" xsi:schemalocation="http://www.exelearning.org/content/v0.3 content.xsd" class="exe.engine.package.Package">
 <dictionary>
  <string role="key" value="_title"></string>
  <unicode value=""></unicode>
  <string role="key" value="idevices"></string>
  <list></list>
  <string role="key" value="_backgroundImg"></string>
  <unicode value=""></unicode>
  <string role="key" value="_contextMode"></string>
  <unicode value=""></unicode>
  <string role="key" value="_contextPlace"></string>
  <unicode value=""></unicode>
  <string role="key" value="_docType"></string>
  <unicode value="HTML5"></unicode>
  <string role="key" value="_intendedEndUserRoleGroup"></string>
  <bool value="0"></bool>
  <string role="key" value="_intendedEndUserRoleTutor"></string>
  <bool value="0"></bool>
  <string role="key" value="_intendedEndUserRoleType"></string>
  <unicode value=""></unicode>
  <string role="key" value="_isChanged"></string>
  <bool value="1"></bool>
  <string role="key" value="_lang"></string>
  <unicode value="es"></unicode>
  <string role="key" value="_learningResourceType"></string>
  <unicode value=""></unicode>
  <string role="key" value="_levelNames"></string>
  <list>
   <unicode value="Topic"></unicode>
   <unicode value="Section"></unicode>
   <unicode value="Unit"></unicode>
  </list>
  <string role="key" value="_name"></string>
  <unicode value="ww"></unicode>
  <string role="key" value="_nextIdeviceId"></string>
  <int value="13"></int>
  <string role="key" value="_nextNodeId"></string>
  <int value="2"></int>
  <string role="key" value="_nodeIdDict"></string>
  <dictionary>
   <unicode role="key" value="0"></unicode>
   <instance class="exe.engine.node.Node" reference="18">
    <dictionary>
     <string role="key" value="_title"></string>
     <unicode value="Inicio"></unicode>
     <string role="key" value="idevices"></string>
     <list></list>
     <string role="key" value="_id"></string>
     <unicode value="0"></unicode>
     <string role="key" value="_package"></string>
     <reference key="1"></reference>
     <string role="key" value="exe.engine.node.Node.persistenceVersion"></string>
     <int value="2"></int>
     <string role="key" value="exportType"></string>
     <string value="website"></string>
     <string role="key" value="last_full_node_path"></string>
     <string value="exe-node:Inicio"></string>
     <string role="key" value="parent"></string>
     <none></none>
     <string role="key" value="children"></string>
     <list>
      <instance class="exe.engine.node.Node" reference="4">
       <dictionary>
        <string role="key" value="_title"></string>
        <unicode value="Incepción"></unicode>
        <string role="key" value="idevices"></string>
        <list>
         <instance class="exe.engine.freetextidevice.FreeTextIdevice" reference="2">
          <dictionary>
           <string role="key" value="_title"></string>
           <unicode value="Free Text"></unicode>
           <string role="key" value="_author"></string>
           <unicode value="University of Auckland"></unicode>
           <string role="key" value="_purpose"></string>
           <unicode value="The majority of a learning resource will be 
establishing context, delivering instructions and providing general information.
This provides the framework within which the learning activities are built and 
delivered."></unicode>
           <string role="key" value="_tip"></string>
           <string value=""></string>
           <string role="key" value="childs"></string>
           <list></list>
           <string role="key" value="content"></string>
           <instance class="exe.engine.field.TextAreaField" reference="3">
            <dictionary>
             <string role="key" value="_id"></string>
             <int value="85"></int>
             <string role="key" value="_idevice"></string>
             <reference key="2"></reference>
             <string role="key" value="_instruc"></string>
             <unicode value="Use this field to enter text. This 
iDevice has no emphasis applied although limited formatting can be applied to 
text through the text editing buttons associated with the field."></unicode>
             <string role="key" value="_name"></string>
             <unicode value="Free Text"></unicode>
             <string role="key" value="anchor_names"></string>
             <list></list>
             <string role="key" value="anchors_linked_from_fields"></string>
             <dictionary></dictionary>
             <string role="key" value="content_w_resourcePaths"></string>
             <unicode content="true" value="&lt;p class=&quot;post-title&quot;&gt;&lt;span style=&quot;font-size: 14pt;&quot;&gt;Agile Inception, también conocida como Inception Deck o simplemente Inception, es un conjunto de dinámicas orientadas a enfocar a todas las personas involucradas en un proyecto hacia un mismo objetivo, reduciendo muchas de las incertidumbres, ayudando a explicitar los riesgos más evidentes y poniendo en común las expectativas de todos. &lt;/span&gt;&lt;/p&gt;
&lt;p class=&quot;post-title&quot;&gt;&lt;span style=&quot;font-size: 14pt;&quot;&gt;&lt;img src=&quot;resources/whatkillsmostprojects2.png&quot; alt=&quot;&quot; width=&quot;500&quot; height=&quot;167&quot; style=&quot;display: block; margin-left: auto; margin-right: auto;&quot; /&gt;&lt;/span&gt;&lt;/p&gt;
&lt;p class=&quot;post-title&quot;&gt;&lt;span style=&quot;font-size: 14pt;&quot;&gt;&lt;span&gt;La Agile Inception no es una garantía para conseguir el consenso pero ayuda mucho a conseguirlo. De hecho, uno de los resultados esperables de la misma es que el proyecto no es viable o demasiado arriesgado para iniciarlo.&lt;/span&gt;&lt;/span&gt;&lt;/p&gt;
&lt;p class=&quot;post-title&quot;&gt;&lt;span style=&quot;font-size: 14pt;&quot;&gt;&lt;span&gt;Es una reunión muy cara porque requiere de la participación continuada de muchas personas durante mucho tiempo. Ejecutar todas las actividades propuestas requiere mucho tiempo porque muchas de ellas buscan la creatividad o la reflexión y puede llevar hasta dos días completos, tras los cuáles los participantes pueden estar exhaustos. &lt;/span&gt;&lt;/span&gt;&lt;/p&gt;
&lt;p class=&quot;post-title&quot;&gt;&lt;span style=&quot;font-size: 14pt;&quot;&gt;&lt;span&gt;&lt;img src=&quot;resources/agile-inception-war-room.JPG&quot; alt=&quot;&quot; width=&quot;256&quot; height=&quot;191&quot; style=&quot;display: block; margin-left: auto; margin-right: auto;&quot; /&gt;&lt;/span&gt;&lt;/span&gt;&lt;/p&gt;
&lt;p class=&quot;post-title&quot;&gt;&lt;span style=&quot;font-size: 14pt;&quot;&gt;&lt;span&gt;&lt;/span&gt;&lt;/span&gt;&lt;/p&gt;
&lt;p class=&quot;post-title&quot;&gt;&lt;span style=&quot;font-size: 14pt;&quot;&gt;&lt;span&gt;Dentro de la reunión reunión se compone de 10 preguntas y ejercicios, son técnicas que nos ayudarán a contextualizar y a focalizar a todos los stakeholders.&lt;/span&gt;&lt;/span&gt;&lt;/p&gt;
&lt;p class=&quot;post-title&quot;&gt;&lt;span style=&quot;font-size: 14pt;&quot;&gt;&lt;strong&gt;Las 10 preguntas: &lt;/strong&gt;&lt;/span&gt;&lt;/p&gt;
&lt;p&gt;&lt;strong style=&quot;font-size: 14pt;&quot;&gt;1. ¿Por qué estamos aquí?&lt;/strong&gt;&lt;/p&gt;
&lt;p&gt;&lt;span style=&quot;font-size: 14pt;&quot;&gt;Se trata de un rápido recordatorio de por qué estamos aquí, quienes son nuestros clientes, y por qué decidimos hacer este proyecto.&lt;/span&gt;&lt;/p&gt;
&lt;p&gt;&lt;br /&gt;&lt;strong style=&quot;font-size: 14pt;&quot;&gt; 2. The Elevator Pitch&lt;/strong&gt;&lt;/p&gt;
&lt;p&gt;&lt;span style=&quot;font-size: 14pt;&quot;&gt;Si tuviéramos treinta segundos y dos frases para describir nuestro proyecto, ¿qué diríamos?&lt;/span&gt;&lt;/p&gt;
&lt;p&gt;&lt;br /&gt;&lt;strong style=&quot;font-size: 14pt;&quot;&gt; 3. Diseñar la caja de tu producto&lt;/strong&gt;&lt;/p&gt;
&lt;p&gt;&lt;span style=&quot;font-size: 14pt;&quot;&gt;Si estuviéramos hojeando una revista y vemos un anuncio para nuestro producto o servicio, ¿qué debería decir, y, más importante aún, podríamos comprarlo?&lt;/span&gt;&lt;/p&gt;
&lt;p&gt;&lt;br /&gt;&lt;strong style=&quot;font-size: 14pt;&quot;&gt;4. La lista de los NO&lt;/strong&gt;&lt;/p&gt;
&lt;p&gt;&lt;span style=&quot;font-size: 14pt;&quot;&gt;Con esta cuarta actividad vamos a establecer las expectativas y a centrarnos en el alcance de nuestro proyecto, partiendo de las ideas tanto del equipo como del cliente.&lt;/span&gt;&lt;/p&gt;
&lt;p&gt;&lt;br /&gt;&lt;strong style=&quot;font-size: 14pt;&quot;&gt;5. Conocer a la comunidad&lt;/strong&gt;&lt;/p&gt;
&lt;p&gt;&lt;span style=&quot;font-size: 14pt;&quot;&gt;Se trata en hacer un símil con una comunidad de vecinos, tenemos que conocer a todos y cada uno de ellos, porque nunca sabemos que vamos a necesitar de ellos.&lt;/span&gt;&lt;/p&gt;
&lt;p&gt;&lt;br /&gt;&lt;strong style=&quot;font-size: 14pt;&quot;&gt;6. Muestra la solución&lt;/strong&gt;&lt;/p&gt;
&lt;p&gt;&lt;span style=&quot;font-size: 14pt;&quot;&gt;Es importante mostrar la solución y asegurarnos que todo el mundo está de acuerdo con la solución así como la forma de trabajar y la tecnología a utilizar. De esta forma tratamos el riesgo y los límites de nuestro proyecto con todo el equipo.&lt;/span&gt;&lt;/p&gt;
&lt;p&gt;&lt;br /&gt;&lt;strong style=&quot;font-size: 14pt;&quot;&gt;7. ¿Qué nos quita el sueño por las noches?&lt;/strong&gt;&lt;/p&gt;
&lt;p&gt;&lt;span style=&quot;font-size: 14pt;&quot;&gt;Algunas de las cosas que suceden en los proyectos son francamente aterradores. Pero hablar de ellos, y de lo que podemos hacer para evitarlos, pueden hacernos sentir más seguros&lt;/span&gt;&lt;/p&gt;
&lt;p&gt;&lt;br /&gt;&lt;strong style=&quot;font-size: 14pt;&quot;&gt;8. El tamaño de nuestro proyecto&lt;/strong&gt;&lt;/p&gt;
&lt;p&gt;&lt;span style=&quot;font-size: 14pt;&quot;&gt;Si medimos el tamaño de nuestro proyecto en tiempo, nosotros no vamos a poder decir exactamente cuántos días va a durar pero sí que podemos hacer una aproximación.&lt;/span&gt;&lt;/p&gt;
&lt;p&gt;&lt;br /&gt;&lt;strong style=&quot;font-size: 14pt;&quot;&gt;9. Muestra con claridad lo que se va a dar&lt;/strong&gt;&lt;/p&gt;
&lt;p&gt;&lt;span style=&quot;font-size: 14pt;&quot;&gt;Los proyectos necesitan elementos como el tiempo, el alcance, presupuesto y calidad. ¿Qué es lo más y lo menos importante para este proyecto en este momento?&lt;/span&gt;&lt;/p&gt;
&lt;p&gt;&lt;br /&gt;&lt;strong style=&quot;font-size: 14pt;&quot;&gt;10. Muestra las necesidades&lt;/strong&gt;&lt;/p&gt;
&lt;div class=&quot;entry clearfix&quot;&gt;&lt;span style=&quot;font-size: 14pt;&quot;&gt;Las necesidades del proyecto respecto al equipo necesario y al tiempo tienen que ser factores conocidos. &lt;/span&gt;&lt;/div&gt;
&lt;div class=&quot;entry clearfix&quot;&gt;&lt;span style=&quot;font-size: 14pt;&quot;&gt;¿Cuánto tiempo tomará? ¿Cuánto va a costar? ¿Y qué tipo de equipo humano vamos a necesitar que sacar esto adelante?&lt;/span&gt;&lt;/div&gt;"></unicode>
             <string role="key" value="exe.engine.field.Field.persistenceVersion"></string>
             <int value="4"></int>
             <string role="key" value="exe.engine.field.FieldWithResources.persistenceVersion"></string>
             <int value="2"></int>
             <string role="key" value="exe.engine.field.TextAreaField.persistenceVersion"></string>
             <int value="3"></int>
             <string role="key" value="htmlTag"></string>
             <string value="div"></string>
             <string role="key" value="images"></string>
             <instance class="exe.engine.galleryidevice.GalleryImages">
              <dictionary>
               <string role="key" value=".listitems"></string>
               <list>
                <instance class="exe.engine.galleryidevice.GalleryImage">
                 <dictionary>
                  <string role="key" value="_caption"></string>
                  <instance class="exe.engine.field.TextField">
                   <dictionary>
                    <string role="key" value="_id"></string>
                    <int value="157"></int>
                    <string role="key" value="_idevice"></string>
                    <none></none>
                    <string role="key" value="_instruc"></string>
                    <string value=""></string>
                    <string role="key" value="_name"></string>
                    <string value=""></string>
                    <string role="key" value="content"></string>
                    <string value=""></string>
                    <string role="key" value="exe.engine.field.Field.persistenceVersion"></string>
                    <int value="4"></int>
                   </dictionary>
                  </instance>
                  <string role="key" value="_id"></string>
                  <unicode value="9_85.2"></unicode>
                  <string role="key" value="_imageResource"></string>
                  <instance class="exe.engine.resource.Resource" reference="5">
                   <dictionary>
                    <string role="key" value="_idevice"></string>
                    <reference key="2"></reference>
                    <string role="key" value="_package"></string>
                    <reference key="1"></reference>
                    <string role="key" value="_storageName"></string>
                    <string value="agile-inception-war-room.JPG"></string>
                    <string role="key" value="_userName"></string>
                    <string value="/tmp/tmppPJpN1/agile-inception-war-room.JPG"></string>
                    <string role="key" value="checksum"></string>
                    <string value="b989df602c6b7c7ee38c1fe54b4ae96f"></string>
                    <string role="key" value="exe.engine.resource.Resource.persistenceVersion"></string>
                    <int value="2"></int>
                    <string role="key" value="exe.engine.resource._Resource.persistenceVersion"></string>
                    <int value="2"></int>
                    <string role="key" value="warningMsg"></string>
                    <string value=""></string>
                   </dictionary>
                  </instance>
                  <string role="key" value="_parent"></string>
                  <reference key="3"></reference>
                  <string role="key" value="_thumbnailResource"></string>
                  <none></none>
                  <string role="key" value="exe.engine.galleryidevice.GalleryImage.persistenceVersion"></string>
                  <int value="3"></int>
                  <string role="key" value="makeThumbnail"></string>
                  <bool value="0"></bool>
                 </dictionary>
                </instance>
                <instance class="exe.engine.galleryidevice.GalleryImage">
                 <dictionary>
                  <string role="key" value="_caption"></string>
                  <instance class="exe.engine.field.TextField">
                   <dictionary>
                    <string role="key" value="_id"></string>
                    <int value="158"></int>
                    <string role="key" value="_idevice"></string>
                    <none></none>
                    <string role="key" value="_instruc"></string>
                    <string value=""></string>
                    <string role="key" value="_name"></string>
                    <string value=""></string>
                    <string role="key" value="content"></string>
                    <string value=""></string>
                    <string role="key" value="exe.engine.field.Field.persistenceVersion"></string>
                    <int value="4"></int>
                   </dictionary>
                  </instance>
                  <string role="key" value="_id"></string>
                  <unicode value="9_85.3"></unicode>
                  <string role="key" value="_imageResource"></string>
                  <instance class="exe.engine.resource.Resource" reference="6">
                   <dictionary>
                    <string role="key" value="_idevice"></string>
                    <reference key="2"></reference>
                    <string role="key" value="_package"></string>
                    <reference key="1"></reference>
                    <string role="key" value="_storageName"></string>
                    <string value="whatkillsmostprojects2.png"></string>
                    <string role="key" value="_userName"></string>
                    <string value="/tmp/tmppPJpN1/whatkillsmostprojects2.png"></string>
                    <string role="key" value="checksum"></string>
                    <string value="519df247c78db960a722c637b235dc74"></string>
                    <string role="key" value="exe.engine.resource.Resource.persistenceVersion"></string>
                    <int value="2"></int>
                    <string role="key" value="exe.engine.resource._Resource.persistenceVersion"></string>
                    <int value="2"></int>
                    <string role="key" value="warningMsg"></string>
                    <string value=""></string>
                   </dictionary>
                  </instance>
                  <string role="key" value="_parent"></string>
                  <reference key="3"></reference>
                  <string role="key" value="_thumbnailResource"></string>
                  <none></none>
                  <string role="key" value="exe.engine.galleryidevice.GalleryImage.persistenceVersion"></string>
                  <int value="3"></int>
                  <string role="key" value="makeThumbnail"></string>
                  <bool value="0"></bool>
                 </dictionary>
                </instance>
               </list>
               <string role="key" value="idevice"></string>
               <reference key="3"></reference>
              </dictionary>
             </instance>
             <string role="key" value="intlinks_to_anchors"></string>
             <dictionary></dictionary>
             <string role="key" value="nextImageId"></string>
             <int value="4"></int>
             <string role="key" value="parentNode"></string>
             <reference key="4"></reference>
            </dictionary>
           </instance>
           <string role="key" value="edit"></string>
           <bool value="0"></bool>
           <string role="key" value="emphasis"></string>
           <int value="0"></int>
           <string role="key" value="exe.engine.freetextidevice.FreeTextIdevice.persistenceVersion"></string>
           <int value="7"></int>
           <string role="key" value="icon"></string>
           <string value=""></string>
           <string role="key" value="id"></string>
           <unicode value="9"></unicode>
           <string role="key" value="lastIdevice"></string>
           <bool value="0"></bool>
           <string role="key" value="originalicon"></string>
           <string value=""></string>
           <string role="key" value="parent"></string>
           <none></none>
           <string role="key" value="parentNode"></string>
           <reference key="4"></reference>
           <string role="key" value="systemResources"></string>
           <list></list>
           <string role="key" value="type"></string>
           <none></none>
           <string role="key" value="undo"></string>
           <bool value="1"></bool>
           <string role="key" value="userResources"></string>
           <list>
            <reference key="5"></reference>
            <reference key="6"></reference>
           </list>
           <string role="key" value="version"></string>
           <int value="0"></int>
          </dictionary>
         </instance>
         <instance class="exe.engine.truefalseidevice.TrueFalseIdevice" reference="7">
          <dictionary>
           <string role="key" value="_title"></string>
           <unicode value="Cuestionario"></unicode>
           <string role="key" value="instructionsForLearners"></string>
           <instance class="exe.engine.field.TextAreaField" reference="8">
            <dictionary>
             <string role="key" value="_id"></string>
             <int value="100"></int>
             <string role="key" value="_idevice"></string>
             <reference key="7"></reference>
             <string role="key" value="_instruc"></string>
             <unicode value="Provide instruction on how the True/False Question should be 
completed."></unicode>
             <string role="key" value="_name"></string>
             <unicode value="Instructions"></unicode>
             <string role="key" value="anchor_names"></string>
             <list></list>
             <string role="key" value="anchors_linked_from_fields"></string>
             <dictionary></dictionary>
             <string role="key" value="content_w_resourcePaths"></string>
             <unicode content="true" value=""></unicode>
             <string role="key" value="exe.engine.field.Field.persistenceVersion"></string>
             <int value="4"></int>
             <string role="key" value="exe.engine.field.FieldWithResources.persistenceVersion"></string>
             <int value="2"></int>
             <string role="key" value="exe.engine.field.TextAreaField.persistenceVersion"></string>
             <int value="3"></int>
             <string role="key" value="htmlTag"></string>
             <string value="div"></string>
             <string role="key" value="images"></string>
             <instance class="exe.engine.galleryidevice.GalleryImages">
              <dictionary>
               <string role="key" value=".listitems"></string>
               <list></list>
               <string role="key" value="idevice"></string>
               <reference key="8"></reference>
              </dictionary>
             </instance>
             <string role="key" value="intlinks_to_anchors"></string>
             <dictionary></dictionary>
             <string role="key" value="nextImageId"></string>
             <int value="0"></int>
             <string role="key" value="parentNode"></string>
             <none></none>
            </dictionary>
           </instance>
           <string role="key" value="_author"></string>
           <unicode value="University of Auckland"></unicode>
           <string role="key" value="_feedbackInstruc"></string>
           <unicode value="Enter any feedback you wish to provide 
to the learner. This field may be left blank. if this field is left blank 
default feedback will be provided."></unicode>
           <string role="key" value="_hintInstruc"></string>
           <unicode value="A hint may be provided to assist the 
learner in answering the question."></unicode>
           <string role="key" value="_keyInstruc"></string>
           <string value=""></string>
           <string role="key" value="_purpose"></string>
           <unicode value="True/false questions present a statement where 
the learner must decide if the statement is true. This type of question works 
well for factual information and information that lends itself to either/or 
responses."></unicode>
           <string role="key" value="_questionInstruc"></string>
           <unicode value="Type the question stem. The question 
should be clear and unambiguous. Avoid negative premises as these can tend to 
be ambiguous."></unicode>
           <string role="key" value="_tip"></string>
           <unicode value=""></unicode>
           <string role="key" value="edit"></string>
           <bool value="0"></bool>
           <string role="key" value="emphasis"></string>
           <int value="1"></int>
           <string role="key" value="exe.engine.truefalseidevice.TrueFalseIdevice.persistenceVersion"></string>
           <int value="11"></int>
           <string role="key" value="icon"></string>
           <unicode value="question"></unicode>
           <string role="key" value="id"></string>
           <unicode value="12"></unicode>
           <string role="key" value="lastIdevice"></string>
           <bool value="0"></bool>
           <string role="key" value="originalicon"></string>
           <unicode value="question"></unicode>
           <string role="key" value="parentNode"></string>
           <reference key="4"></reference>
           <string role="key" value="questions"></string>
           <list>
            <instance class="exe.engine.truefalseidevice.TrueFalseQuestion">
             <dictionary>
              <string role="key" value="questionTextArea"></string>
              <instance class="exe.engine.field.TextAreaField" reference="9">
               <dictionary>
                <string role="key" value="_id"></string>
                <int value="97"></int>
                <string role="key" value="_idevice"></string>
                <reference key="7"></reference>
                <string role="key" value="_instruc"></string>
                <unicode value="Escriba la pregunta. La pregunta 
debe ser clara y no ambigua. Evite las premisas negativas ya que esta tienden a 
ser ambiguas."></unicode>
                <string role="key" value="_name"></string>
                <unicode value="Question:"></unicode>
                <string role="key" value="anchor_names"></string>
                <list></list>
                <string role="key" value="anchors_linked_from_fields"></string>
                <dictionary></dictionary>
                <string role="key" value="content_w_resourcePaths"></string>
                <unicode content="true" value="&lt;p&gt;¿Las reuniones que se llevan a cabo durante el proceso de la incepción, son sencillas?&lt;/p&gt;"></unicode>
                <string role="key" value="exe.engine.field.Field.persistenceVersion"></string>
                <int value="4"></int>
                <string role="key" value="exe.engine.field.FieldWithResources.persistenceVersion"></string>
                <int value="2"></int>
                <string role="key" value="exe.engine.field.TextAreaField.persistenceVersion"></string>
                <int value="3"></int>
                <string role="key" value="htmlTag"></string>
                <string value="div"></string>
                <string role="key" value="images"></string>
                <instance class="exe.engine.galleryidevice.GalleryImages">
                 <dictionary>
                  <string role="key" value=".listitems"></string>
                  <list></list>
                  <string role="key" value="idevice"></string>
                  <reference key="9"></reference>
                 </dictionary>
                </instance>
                <string role="key" value="intlinks_to_anchors"></string>
                <dictionary></dictionary>
                <string role="key" value="nextImageId"></string>
                <int value="0"></int>
                <string role="key" value="parentNode"></string>
                <none></none>
               </dictionary>
              </instance>
              <string role="key" value="feedbackTextArea"></string>
              <instance class="exe.engine.field.TextAreaField" reference="10">
               <dictionary>
                <string role="key" value="_id"></string>
                <int value="98"></int>
                <string role="key" value="_idevice"></string>
                <reference key="7"></reference>
                <string role="key" value="_instruc"></string>
                <unicode value="Introduzca la retroalimentación que quiere 
que vean los estudiantes después de haber intentado completar la actividad. 
Este campo se puede dejar vacío. Si este campo está vacío se ofrecerá la retroalimentación por defecto."></unicode>
                <string role="key" value="_name"></string>
                <unicode value="Feedback"></unicode>
                <string role="key" value="anchor_names"></string>
                <list></list>
                <string role="key" value="anchors_linked_from_fields"></string>
                <dictionary></dictionary>
                <string role="key" value="content_w_resourcePaths"></string>
                <unicode content="true" value="&lt;p&gt;Es una reunión muy cara porque requiere de la participación continuada de muchas personas durante mucho tiempo&lt;/p&gt;"></unicode>
                <string role="key" value="exe.engine.field.Field.persistenceVersion"></string>
                <int value="4"></int>
                <string role="key" value="exe.engine.field.FieldWithResources.persistenceVersion"></string>
                <int value="2"></int>
                <string role="key" value="exe.engine.field.TextAreaField.persistenceVersion"></string>
                <int value="3"></int>
                <string role="key" value="images"></string>
                <instance class="exe.engine.galleryidevice.GalleryImages">
                 <dictionary>
                  <string role="key" value=".listitems"></string>
                  <list></list>
                  <string role="key" value="idevice"></string>
                  <reference key="10"></reference>
                 </dictionary>
                </instance>
                <string role="key" value="intlinks_to_anchors"></string>
                <dictionary></dictionary>
                <string role="key" value="nextImageId"></string>
                <int value="0"></int>
                <string role="key" value="parentNode"></string>
                <none></none>
               </dictionary>
              </instance>
              <string role="key" value="hintTextArea"></string>
              <instance class="exe.engine.field.TextAreaField" reference="11">
               <dictionary>
                <string role="key" value="_id"></string>
                <int value="99"></int>
                <string role="key" value="_idevice"></string>
                <reference key="7"></reference>
                <string role="key" value="_instruc"></string>
                <unicode value="Se puede proporcionar una pista para ayudar al 
estudiante a responder la pregunta."></unicode>
                <string role="key" value="_name"></string>
                <unicode value="Hint"></unicode>
                <string role="key" value="anchor_names"></string>
                <list></list>
                <string role="key" value="anchors_linked_from_fields"></string>
                <dictionary></dictionary>
                <string role="key" value="content_w_resourcePaths"></string>
                <unicode content="true" value=""></unicode>
                <string role="key" value="exe.engine.field.Field.persistenceVersion"></string>
                <int value="4"></int>
                <string role="key" value="exe.engine.field.FieldWithResources.persistenceVersion"></string>
                <int value="2"></int>
                <string role="key" value="exe.engine.field.TextAreaField.persistenceVersion"></string>
                <int value="3"></int>
                <string role="key" value="images"></string>
                <instance class="exe.engine.galleryidevice.GalleryImages">
                 <dictionary>
                  <string role="key" value=".listitems"></string>
                  <list></list>
                  <string role="key" value="idevice"></string>
                  <reference key="11"></reference>
                 </dictionary>
                </instance>
                <string role="key" value="intlinks_to_anchors"></string>
                <dictionary></dictionary>
                <string role="key" value="nextImageId"></string>
                <int value="0"></int>
                <string role="key" value="parentNode"></string>
                <none></none>
               </dictionary>
              </instance>
              <string role="key" value="idevice"></string>
              <reference key="7"></reference>
              <string role="key" value="isCorrect"></string>
              <bool value="0"></bool>
             </dictionary>
            </instance>
            <instance class="exe.engine.truefalseidevice.TrueFalseQuestion">
             <dictionary>
              <string role="key" value="questionTextArea"></string>
              <instance class="exe.engine.field.TextAreaField" reference="12">
               <dictionary>
                <string role="key" value="_id"></string>
                <int value="159"></int>
                <string role="key" value="_idevice"></string>
                <reference key="7"></reference>
                <string role="key" value="_instruc"></string>
                <unicode value="Escriba la pregunta. La pregunta 
debe ser clara y no ambigua. Evite las premisas negativas ya que esta tienden a 
ser ambiguas."></unicode>
                <string role="key" value="_name"></string>
                <unicode value="Question:"></unicode>
                <string role="key" value="anchor_names"></string>
                <list></list>
                <string role="key" value="content_w_resourcePaths"></string>
                <unicode content="true" value="&lt;p&gt;La lista de No, consiste en agregar cada &lt;span&gt;recordatorio de por qué los colaboradores están dentro del proyecto.&lt;/span&gt;&lt;/p&gt;"></unicode>
                <string role="key" value="exe.engine.field.Field.persistenceVersion"></string>
                <int value="4"></int>
                <string role="key" value="exe.engine.field.FieldWithResources.persistenceVersion"></string>
                <int value="2"></int>
                <string role="key" value="exe.engine.field.TextAreaField.persistenceVersion"></string>
                <int value="3"></int>
                <string role="key" value="htmlTag"></string>
                <string value="div"></string>
                <string role="key" value="images"></string>
                <instance class="exe.engine.galleryidevice.GalleryImages">
                 <dictionary>
                  <string role="key" value=".listitems"></string>
                  <list></list>
                  <string role="key" value="idevice"></string>
                  <reference key="12"></reference>
                 </dictionary>
                </instance>
                <string role="key" value="intlinks_to_anchors"></string>
                <dictionary></dictionary>
                <string role="key" value="nextImageId"></string>
                <int value="0"></int>
                <string role="key" value="parentNode"></string>
                <none></none>
               </dictionary>
              </instance>
              <string role="key" value="feedbackTextArea"></string>
              <instance class="exe.engine.field.TextAreaField" reference="13">
               <dictionary>
                <string role="key" value="_id"></string>
                <int value="160"></int>
                <string role="key" value="_idevice"></string>
                <reference key="7"></reference>
                <string role="key" value="_instruc"></string>
                <unicode value="Introduzca la retroalimentación que quiere 
que vean los estudiantes después de haber intentado completar la actividad. 
Este campo se puede dejar vacío. Si este campo está vacío se ofrecerá la retroalimentación por defecto."></unicode>
                <string role="key" value="_name"></string>
                <unicode value="Feedback"></unicode>
                <string role="key" value="anchor_names"></string>
                <list></list>
                <string role="key" value="content_w_resourcePaths"></string>
                <unicode content="true" value="&lt;p&gt;&lt;span&gt;La lista de No, es una actividad que consiste en  establecer las expectativas y a centrarnos en el alcance de nuestro proyecto, partiendo de las ideas tanto del equipo como del cliente.&lt;/span&gt;&lt;/p&gt;"></unicode>
                <string role="key" value="exe.engine.field.Field.persistenceVersion"></string>
                <int value="4"></int>
                <string role="key" value="exe.engine.field.FieldWithResources.persistenceVersion"></string>
                <int value="2"></int>
                <string role="key" value="exe.engine.field.TextAreaField.persistenceVersion"></string>
                <int value="3"></int>
                <string role="key" value="images"></string>
                <instance class="exe.engine.galleryidevice.GalleryImages">
                 <dictionary>
                  <string role="key" value=".listitems"></string>
                  <list></list>
                  <string role="key" value="idevice"></string>
                  <reference key="13"></reference>
                 </dictionary>
                </instance>
                <string role="key" value="intlinks_to_anchors"></string>
                <dictionary></dictionary>
                <string role="key" value="nextImageId"></string>
                <int value="0"></int>
                <string role="key" value="parentNode"></string>
                <none></none>
               </dictionary>
              </instance>
              <string role="key" value="hintTextArea"></string>
              <instance class="exe.engine.field.TextAreaField" reference="14">
               <dictionary>
                <string role="key" value="_id"></string>
                <int value="161"></int>
                <string role="key" value="_idevice"></string>
                <reference key="7"></reference>
                <string role="key" value="_instruc"></string>
                <unicode value="Se puede proporcionar una pista para ayudar al 
estudiante a responder la pregunta."></unicode>
                <string role="key" value="_name"></string>
                <unicode value="Hint"></unicode>
                <string role="key" value="anchor_names"></string>
                <list></list>
                <string role="key" value="content_w_resourcePaths"></string>
                <unicode content="true" value=""></unicode>
                <string role="key" value="exe.engine.field.Field.persistenceVersion"></string>
                <int value="4"></int>
                <string role="key" value="exe.engine.field.FieldWithResources.persistenceVersion"></string>
                <int value="2"></int>
                <string role="key" value="exe.engine.field.TextAreaField.persistenceVersion"></string>
                <int value="3"></int>
                <string role="key" value="images"></string>
                <instance class="exe.engine.galleryidevice.GalleryImages">
                 <dictionary>
                  <string role="key" value=".listitems"></string>
                  <list></list>
                  <string role="key" value="idevice"></string>
                  <reference key="14"></reference>
                 </dictionary>
                </instance>
                <string role="key" value="intlinks_to_anchors"></string>
                <dictionary></dictionary>
                <string role="key" value="nextImageId"></string>
                <int value="0"></int>
                <string role="key" value="parentNode"></string>
                <none></none>
               </dictionary>
              </instance>
              <string role="key" value="idevice"></string>
              <reference key="7"></reference>
              <string role="key" value="isCorrect"></string>
              <bool value="0"></bool>
             </dictionary>
            </instance>
            <instance class="exe.engine.truefalseidevice.TrueFalseQuestion">
             <dictionary>
              <string role="key" value="questionTextArea"></string>
              <instance class="exe.engine.field.TextAreaField" reference="15">
               <dictionary>
                <string role="key" value="_id"></string>
                <int value="162"></int>
                <string role="key" value="_idevice"></string>
                <reference key="7"></reference>
                <string role="key" value="_instruc"></string>
                <unicode value="Escriba la pregunta. La pregunta 
debe ser clara y no ambigua. Evite las premisas negativas ya que esta tienden a 
ser ambiguas."></unicode>
                <string role="key" value="_name"></string>
                <unicode value="Question:"></unicode>
                <string role="key" value="anchor_names"></string>
                <list></list>
                <string role="key" value="content_w_resourcePaths"></string>
                <unicode content="true" value="&lt;p&gt;El tamaño para cada proyecto es fijo&lt;/p&gt;"></unicode>
                <string role="key" value="exe.engine.field.Field.persistenceVersion"></string>
                <int value="4"></int>
                <string role="key" value="exe.engine.field.FieldWithResources.persistenceVersion"></string>
                <int value="2"></int>
                <string role="key" value="exe.engine.field.TextAreaField.persistenceVersion"></string>
                <int value="3"></int>
                <string role="key" value="htmlTag"></string>
                <string value="div"></string>
                <string role="key" value="images"></string>
                <instance class="exe.engine.galleryidevice.GalleryImages">
                 <dictionary>
                  <string role="key" value=".listitems"></string>
                  <list></list>
                  <string role="key" value="idevice"></string>
                  <reference key="15"></reference>
                 </dictionary>
                </instance>
                <string role="key" value="intlinks_to_anchors"></string>
                <dictionary></dictionary>
                <string role="key" value="nextImageId"></string>
                <int value="0"></int>
                <string role="key" value="parentNode"></string>
                <none></none>
               </dictionary>
              </instance>
              <string role="key" value="feedbackTextArea"></string>
              <instance class="exe.engine.field.TextAreaField" reference="16">
               <dictionary>
                <string role="key" value="_id"></string>
                <int value="163"></int>
                <string role="key" value="_idevice"></string>
                <reference key="7"></reference>
                <string role="key" value="_instruc"></string>
                <unicode value="Introduzca la retroalimentación que quiere 
que vean los estudiantes después de haber intentado completar la actividad. 
Este campo se puede dejar vacío. Si este campo está vacío se ofrecerá la retroalimentación por defecto."></unicode>
                <string role="key" value="_name"></string>
                <unicode value="Feedback"></unicode>
                <string role="key" value="anchor_names"></string>
                <list></list>
                <string role="key" value="content_w_resourcePaths"></string>
                <unicode content="true" value="&lt;p&gt;&lt;span&gt;Si medimos el tamaño de nuestro proyecto en tiempo, nosotros no vamos a poder decir exactamente cuántos días va a durar pero sí que podemos hacer una aproximación.&lt;/span&gt;&lt;/p&gt;"></unicode>
                <string role="key" value="exe.engine.field.Field.persistenceVersion"></string>
                <int value="4"></int>
                <string role="key" value="exe.engine.field.FieldWithResources.persistenceVersion"></string>
                <int value="2"></int>
                <string role="key" value="exe.engine.field.TextAreaField.persistenceVersion"></string>
                <int value="3"></int>
                <string role="key" value="images"></string>
                <instance class="exe.engine.galleryidevice.GalleryImages">
                 <dictionary>
                  <string role="key" value=".listitems"></string>
                  <list></list>
                  <string role="key" value="idevice"></string>
                  <reference key="16"></reference>
                 </dictionary>
                </instance>
                <string role="key" value="intlinks_to_anchors"></string>
                <dictionary></dictionary>
                <string role="key" value="nextImageId"></string>
                <int value="0"></int>
                <string role="key" value="parentNode"></string>
                <none></none>
               </dictionary>
              </instance>
              <string role="key" value="hintTextArea"></string>
              <instance class="exe.engine.field.TextAreaField" reference="17">
               <dictionary>
                <string role="key" value="_id"></string>
                <int value="164"></int>
                <string role="key" value="_idevice"></string>
                <reference key="7"></reference>
                <string role="key" value="_instruc"></string>
                <unicode value="Se puede proporcionar una pista para ayudar al 
estudiante a responder la pregunta."></unicode>
                <string role="key" value="_name"></string>
                <unicode value="Hint"></unicode>
                <string role="key" value="anchor_names"></string>
                <list></list>
                <string role="key" value="content_w_resourcePaths"></string>
                <unicode content="true" value=""></unicode>
                <string role="key" value="exe.engine.field.Field.persistenceVersion"></string>
                <int value="4"></int>
                <string role="key" value="exe.engine.field.FieldWithResources.persistenceVersion"></string>
                <int value="2"></int>
                <string role="key" value="exe.engine.field.TextAreaField.persistenceVersion"></string>
                <int value="3"></int>
                <string role="key" value="images"></string>
                <instance class="exe.engine.galleryidevice.GalleryImages">
                 <dictionary>
                  <string role="key" value=".listitems"></string>
                  <list></list>
                  <string role="key" value="idevice"></string>
                  <reference key="17"></reference>
                 </dictionary>
                </instance>
                <string role="key" value="intlinks_to_anchors"></string>
                <dictionary></dictionary>
                <string role="key" value="nextImageId"></string>
                <int value="0"></int>
                <string role="key" value="parentNode"></string>
                <none></none>
               </dictionary>
              </instance>
              <string role="key" value="idevice"></string>
              <reference key="7"></reference>
              <string role="key" value="isCorrect"></string>
              <bool value="0"></bool>
             </dictionary>
            </instance>
           </list>
           <string role="key" value="systemResources"></string>
           <list>
            <string value="common.js"></string>
            <string value="panel-amusements.png"></string>
            <string value="stock-stop.png"></string>
           </list>
           <string role="key" value="undo"></string>
           <bool value="1"></bool>
           <string role="key" value="userResources"></string>
           <list></list>
           <string role="key" value="version"></string>
           <int value="0"></int>
          </dictionary>
         </instance>
        </list>
        <string role="key" value="_id"></string>
        <unicode value="1"></unicode>
        <string role="key" value="_package"></string>
        <reference key="1"></reference>
        <string role="key" value="anchor_fields"></string>
        <list></list>
        <string role="key" value="exe.engine.node.Node.persistenceVersion"></string>
        <int value="2"></int>
        <string role="key" value="exportType"></string>
        <string value="website"></string>
        <string role="key" value="last_full_node_path"></string>
        <string value="exe-node:Inicio:Incepci%C3%B3n"></string>
        <string role="key" value="parent"></string>
        <reference key="18"></reference>
        <string role="key" value="top_anchors_linked_from_fields"></string>
        <list></list>
        <string role="key" value="children"></string>
        <list></list>
       </dictionary>
      </instance>
     </list>
    </dictionary>
   </instance>
   <unicode role="key" value="1"></unicode>
   <reference key="4"></reference>
  </dictionary>
  <string role="key" value="_objectives"></string>
  <unicode value=""></unicode>
  <string role="key" value="_preknowledge"></string>
  <unicode value=""></unicode>
  <string role="key" value="backgroundImgTile"></string>
  <bool value="0"></bool>
  <string role="key" value="compatibleWithVersion9"></string>
  <bool value="0"></bool>
  <string role="key" value="currentNode"></string>
  <reference key="4"></reference>
  <string role="key" value="dublinCore"></string>
  <instance class="exe.engine.package.DublinCore">
   <dictionary>
    <string role="key" value="contributors"></string>
    <unicode value=""></unicode>
    <string role="key" value="coverage"></string>
    <unicode value=""></unicode>
    <string role="key" value="creator"></string>
    <unicode value=""></unicode>
    <string role="key" value="date"></string>
    <unicode value=""></unicode>
    <string role="key" value="description"></string>
    <unicode value=""></unicode>
    <string role="key" value="format"></string>
    <unicode value=""></unicode>
    <string role="key" value="identifier"></string>
    <unicode value="40492ba1-75a8-4e32-bad5-c713111de0a4"></unicode>
    <string role="key" value="language"></string>
    <unicode value="es"></unicode>
    <string role="key" value="publisher"></string>
    <unicode value=""></unicode>
    <string role="key" value="relation"></string>
    <unicode value=""></unicode>
    <string role="key" value="rights"></string>
    <unicode value=""></unicode>
    <string role="key" value="source"></string>
    <unicode value=""></unicode>
    <string role="key" value="subject"></string>
    <unicode value=""></unicode>
    <string role="key" value="title"></string>
    <unicode value=""></unicode>
    <string role="key" value="type"></string>
    <unicode value=""></unicode>
   </dictionary>
  </instance>
  <string role="key" value="exe.engine.package.Package.persistenceVersion"></string>
  <int value="13"></int>
  <string role="key" value="exportMetadataType"></string>
  <string value="LOMES"></string>
  <string role="key" value="exportSource"></string>
  <bool value="1"></bool>
  <string role="key" value="footer"></string>
  <string value=""></string>
  <string role="key" value="isLoading"></string>
  <bool value="0"></bool>
  <string role="key" value="license"></string>
  <unicode value="creative commons: attribution - share alike 4.0"></unicode>
  <string role="key" value="lom"></string>
  <instance class="exe.engine.lom.lomsubs.lomSub">
   <dictionary>
    <string role="key" value="__index__"></string>
    <dictionary></dictionary>
    <string role="key" value="__oldchild__"></string>
    <none></none>
    <string role="key" value="annotation"></string>
    <list></list>
    <string role="key" value="classification"></string>
    <list></list>
    <string role="key" value="educational"></string>
    <list>
     <instance class="exe.engine.lom.lomsubs.educationalSub">
      <dictionary>
       <string role="key" value="cognitiveProcess"></string>
       <list></list>
       <string role="key" value="context"></string>
       <list></list>
       <string role="key" value="description"></string>
       <list></list>
       <string role="key" value="difficulty"></string>
       <none></none>
       <string role="key" value="intendedEndUserRole"></string>
       <list></list>
       <string role="key" value="interactivityLevel"></string>
       <none></none>
       <string role="key" value="interactivityType"></string>
       <none></none>
       <string role="key" value="language"></string>
       <list>
        <instance class="exe.engine.lom.lomsubs.LanguageIdSub">
         <dictionary>
          <string role="key" value="extensiontype_"></string>
          <none></none>
          <string role="key" value="valueOf_"></string>
          <string value="es"></string>
         </dictionary>
        </instance>
       </list>
       <string role="key" value="learningResourceType"></string>
       <list></list>
       <string role="key" value="semanticDensity"></string>
       <none></none>
       <string role="key" value="typicalAgeRange"></string>
       <list></list>
       <string role="key" value="typicalLearningTime"></string>
       <none></none>
      </dictionary>
     </instance>
    </list>
    <string role="key" value="general"></string>
    <instance class="exe.engine.lom.lomsubs.generalSub">
     <dictionary>
      <string role="key" value="aggregationLevel"></string>
      <instance class="exe.engine.lom.lomsubs.aggregationLevelSub">
       <dictionary>
        <string role="key" value="extensiontype_"></string>
        <none></none>
        <string role="key" value="source"></string>
        <instance class="exe.engine.lom.lomsubs.sourceValueSub">
         <dictionary>
          <string role="key" value="extensiontype_"></string>
          <none></none>
          <string role="key" value="string"></string>
          <list></list>
          <string role="key" value="uniqueElementName"></string>
          <string value="source"></string>
          <string role="key" value="valueOf_"></string>
          <string value="LOMv1.0"></string>
         </dictionary>
        </instance>
        <string role="key" value="uniqueElementName"></string>
        <string value="aggregationLevel"></string>
        <string role="key" value="value"></string>
        <instance class="exe.engine.lom.lomsubs.aggregationLevelValueSub">
         <dictionary>
          <string role="key" value="extensiontype_"></string>
          <none></none>
          <string role="key" value="source"></string>
          <none></none>
          <string role="key" value="uniqueElementName"></string>
          <string value="value"></string>
          <string role="key" value="value"></string>
          <none></none>
          <string role="key" value="valueOf_"></string>
          <string value="2"></string>
         </dictionary>
        </instance>
       </dictionary>
      </instance>
      <string role="key" value="coverage"></string>
      <list></list>
      <string role="key" value="description"></string>
      <list></list>
      <string role="key" value="identifier"></string>
      <list>
       <instance class="exe.engine.lom.lomsubs.identifierSub">
        <dictionary>
         <string role="key" value="catalog"></string>
         <instance class="exe.engine.lom.lomsubs.catalogSub">
          <dictionary>
           <string role="key" value="uniqueElementName"></string>
           <string value="catalog"></string>
           <string role="key" value="valueOf_"></string>
           <unicode value="Mi catálogo"></unicode>
          </dictionary>
         </instance>
         <string role="key" value="entry"></string>
         <instance class="exe.engine.lom.lomsubs.entrySub">
          <dictionary>
           <string role="key" value="uniqueElementName"></string>
           <string value="entry"></string>
           <string role="key" value="valueOf_"></string>
           <unicode value="40492ba1-75a8-4e32-bad5-c713111de0a4"></unicode>
          </dictionary>
         </instance>
        </dictionary>
       </instance>
      </list>
      <string role="key" value="keyword"></string>
      <list></list>
      <string role="key" value="language"></string>
      <list>
       <instance class="exe.engine.lom.lomsubs.LanguageIdSub">
        <dictionary>
         <string role="key" value="extensiontype_"></string>
         <none></none>
         <string role="key" value="valueOf_"></string>
         <string value="es"></string>
        </dictionary>
       </instance>
      </list>
      <string role="key" value="structure"></string>
      <none></none>
      <string role="key" value="title"></string>
      <none></none>
      <string role="key" value="uniqueElementName"></string>
      <string value="general"></string>
     </dictionary>
    </instance>
    <string role="key" value="lifeCycle"></string>
    <none></none>
    <string role="key" value="metaMetadata"></string>
    <instance class="exe.engine.lom.lomsubs.metaMetadataSub">
     <dictionary>
      <string role="key" value="contribute"></string>
      <list></list>
      <string role="key" value="identifier"></string>
      <list></list>
      <string role="key" value="language"></string>
      <instance class="exe.engine.lom.lomsubs.LanguageIdSub">
       <dictionary>
        <string role="key" value="extensiontype_"></string>
        <none></none>
        <string role="key" value="valueOf_"></string>
        <string value="es"></string>
       </dictionary>
      </instance>
      <string role="key" value="metadataSchema"></string>
      <list>
       <instance class="exe.engine.lom.lomsubs.metadataSchemaSub">
        <dictionary>
         <string role="key" value="valueOf_"></string>
         <string value="LOMv1.0"></string>
        </dictionary>
       </instance>
      </list>
      <string role="key" value="uniqueElementName"></string>
      <string value="metaMetadata"></string>
     </dictionary>
    </instance>
    <string role="key" value="relation"></string>
    <list></list>
    <string role="key" value="rights"></string>
    <none></none>
    <string role="key" value="technical"></string>
    <none></none>
   </dictionary>
  </instance>
  <string role="key" value="lomEs"></string>
  <instance class="exe.engine.lom.lomsubs.lomSub">
   <dictionary>
    <string role="key" value="__index__"></string>
    <dictionary></dictionary>
    <string role="key" value="__oldchild__"></string>
    <none></none>
    <string role="key" value="annotation"></string>
    <list></list>
    <string role="key" value="classification"></string>
    <list></list>
    <string role="key" value="educational"></string>
    <list>
     <instance class="exe.engine.lom.lomsubs.educationalSub">
      <dictionary>
       <string role="key" value="cognitiveProcess"></string>
       <list></list>
       <string role="key" value="context"></string>
       <list></list>
       <string role="key" value="description"></string>
       <list></list>
       <string role="key" value="difficulty"></string>
       <none></none>
       <string role="key" value="intendedEndUserRole"></string>
       <list></list>
       <string role="key" value="interactivityLevel"></string>
       <none></none>
       <string role="key" value="interactivityType"></string>
       <none></none>
       <string role="key" value="language"></string>
       <list>
        <instance class="exe.engine.lom.lomsubs.LanguageIdSub">
         <dictionary>
          <string role="key" value="extensiontype_"></string>
          <none></none>
          <string role="key" value="valueOf_"></string>
          <string value="es"></string>
         </dictionary>
        </instance>
       </list>
       <string role="key" value="learningResourceType"></string>
       <list></list>
       <string role="key" value="semanticDensity"></string>
       <none></none>
       <string role="key" value="typicalAgeRange"></string>
       <list></list>
       <string role="key" value="typicalLearningTime"></string>
       <none></none>
      </dictionary>
     </instance>
    </list>
    <string role="key" value="general"></string>
    <instance class="exe.engine.lom.lomsubs.generalSub">
     <dictionary>
      <string role="key" value="aggregationLevel"></string>
      <instance class="exe.engine.lom.lomsubs.aggregationLevelSub">
       <dictionary>
        <string role="key" value="extensiontype_"></string>
        <none></none>
        <string role="key" value="source"></string>
        <instance class="exe.engine.lom.lomsubs.sourceValueSub">
         <dictionary>
          <string role="key" value="extensiontype_"></string>
          <none></none>
          <string role="key" value="string"></string>
          <list></list>
          <string role="key" value="uniqueElementName"></string>
          <string value="source"></string>
          <string role="key" value="valueOf_"></string>
          <string value="LOM-ESv1.0"></string>
         </dictionary>
        </instance>
        <string role="key" value="uniqueElementName"></string>
        <string value="aggregationLevel"></string>
        <string role="key" value="value"></string>
        <instance class="exe.engine.lom.lomsubs.aggregationLevelValueSub">
         <dictionary>
          <string role="key" value="extensiontype_"></string>
          <none></none>
          <string role="key" value="source"></string>
          <none></none>
          <string role="key" value="uniqueElementName"></string>
          <string value="value"></string>
          <string role="key" value="value"></string>
          <none></none>
          <string role="key" value="valueOf_"></string>
          <string value="2"></string>
         </dictionary>
        </instance>
       </dictionary>
      </instance>
      <string role="key" value="coverage"></string>
      <list></list>
      <string role="key" value="description"></string>
      <list></list>
      <string role="key" value="identifier"></string>
      <list>
       <instance class="exe.engine.lom.lomsubs.identifierSub">
        <dictionary>
         <string role="key" value="catalog"></string>
         <instance class="exe.engine.lom.lomsubs.catalogSub">
          <dictionary>
           <string role="key" value="uniqueElementName"></string>
           <string value="catalog"></string>
           <string role="key" value="valueOf_"></string>
           <unicode value="Mi catálogo"></unicode>
          </dictionary>
         </instance>
         <string role="key" value="entry"></string>
         <instance class="exe.engine.lom.lomsubs.entrySub">
          <dictionary>
           <string role="key" value="uniqueElementName"></string>
           <string value="entry"></string>
           <string role="key" value="valueOf_"></string>
           <unicode value="40492ba1-75a8-4e32-bad5-c713111de0a4"></unicode>
          </dictionary>
         </instance>
        </dictionary>
       </instance>
      </list>
      <string role="key" value="keyword"></string>
      <list></list>
      <string role="key" value="language"></string>
      <list>
       <instance class="exe.engine.lom.lomsubs.LanguageIdSub">
        <dictionary>
         <string role="key" value="extensiontype_"></string>
         <none></none>
         <string role="key" value="valueOf_"></string>
         <string value="es"></string>
        </dictionary>
       </instance>
      </list>
      <string role="key" value="structure"></string>
      <none></none>
      <string role="key" value="title"></string>
      <none></none>
      <string role="key" value="uniqueElementName"></string>
      <string value="general"></string>
     </dictionary>
    </instance>
    <string role="key" value="lifeCycle"></string>
    <none></none>
    <string role="key" value="metaMetadata"></string>
    <instance class="exe.engine.lom.lomsubs.metaMetadataSub">
     <dictionary>
      <string role="key" value="contribute"></string>
      <list></list>
      <string role="key" value="identifier"></string>
      <list></list>
      <string role="key" value="language"></string>
      <instance class="exe.engine.lom.lomsubs.LanguageIdSub">
       <dictionary>
        <string role="key" value="extensiontype_"></string>
        <none></none>
        <string role="key" value="valueOf_"></string>
        <string value="es"></string>
       </dictionary>
      </instance>
      <string role="key" value="metadataSchema"></string>
      <list>
       <instance class="exe.engine.lom.lomsubs.metadataSchemaSub">
        <dictionary>
         <string role="key" value="valueOf_"></string>
         <string value="LOM-ESv1.0"></string>
        </dictionary>
       </instance>
      </list>
      <string role="key" value="uniqueElementName"></string>
      <string value="metaMetadata"></string>
     </dictionary>
    </instance>
    <string role="key" value="relation"></string>
    <list></list>
    <string role="key" value="rights"></string>
    <instance class="exe.engine.lom.lomsubs.rightsSub">
     <dictionary>
      <string role="key" value="access"></string>
      <instance class="exe.engine.lom.lomsubs.accessSub">
       <dictionary>
        <string role="key" value="accessType"></string>
        <instance class="exe.engine.lom.lomsubs.accessTypeSub">
         <dictionary>
          <string role="key" value="extensiontype_"></string>
          <none></none>
          <string role="key" value="source"></string>
          <instance class="exe.engine.lom.lomsubs.sourceValueSub">
           <dictionary>
            <string role="key" value="extensiontype_"></string>
            <none></none>
            <string role="key" value="string"></string>
            <list></list>
            <string role="key" value="uniqueElementName"></string>
            <string value="source"></string>
            <string role="key" value="valueOf_"></string>
            <string value="LOM-ESv1.0"></string>
           </dictionary>
          </instance>
          <string role="key" value="uniqueElementName"></string>
          <string value="accessType"></string>
          <string role="key" value="value"></string>
          <instance class="exe.engine.lom.lomsubs.accessTypeValueSub">
           <dictionary>
            <string role="key" value="extensiontype_"></string>
            <none></none>
            <string role="key" value="source"></string>
            <none></none>
            <string role="key" value="uniqueElementName"></string>
            <string value="value"></string>
            <string role="key" value="value"></string>
            <none></none>
            <string role="key" value="valueOf_"></string>
            <string value="universal"></string>
           </dictionary>
          </instance>
         </dictionary>
        </instance>
        <string role="key" value="description"></string>
        <instance class="exe.engine.lom.lomsubs.LanguageStringSub">
         <dictionary>
          <string role="key" value="extensiontype_"></string>
          <none></none>
          <string role="key" value="string"></string>
          <list>
           <instance class="exe.engine.lom.lomsubs.LangStringSub">
            <dictionary>
             <string role="key" value="language"></string>
             <string value="es"></string>
             <string role="key" value="valueOf_"></string>
             <unicode value="Preestablecido"></unicode>
            </dictionary>
           </instance>
          </list>
         </dictionary>
        </instance>
        <string role="key" value="uniqueElementName"></string>
        <string value="access"></string>
       </dictionary>
      </instance>
      <string role="key" value="copyrightAndOtherRestrictions"></string>
      <none></none>
      <string role="key" value="cost"></string>
      <none></none>
      <string role="key" value="description"></string>
      <none></none>
      <string role="key" value="uniqueElementName"></string>
      <string value="rights"></string>
     </dictionary>
    </instance>
    <string role="key" value="technical"></string>
    <none></none>
   </dictionary>
  </instance>
  <string role="key" value="mxmlforcemediaonly"></string>
  <bool value="0"></bool>
  <string role="key" value="mxmlheight"></string>
  <string value=""></string>
  <string role="key" value="mxmlprofilelist"></string>
  <string value=""></string>
  <string role="key" value="mxmlwidth"></string>
  <string value=""></string>
  <string role="key" value="resources"></string>
  <dictionary>
   <string role="key" value="519df247c78db960a722c637b235dc74"></string>
   <list>
    <reference key="6"></reference>
   </list>
   <string role="key" value="b989df602c6b7c7ee38c1fe54b4ae96f"></string>
   <list>
    <reference key="5"></reference>
   </list>
  </dictionary>
  <string role="key" value="root"></string>
  <reference key="18"></reference>
  <string role="key" value="scolinks"></string>
  <bool value="0"></bool>
  <string role="key" value="scowsinglepage"></string>
  <bool value="0"></bool>
  <string role="key" value="scowwebsite"></string>
  <bool value="0"></bool>
  <string role="key" value="style"></string>
  <unicode value="Kahurangi"></unicode>
  <string role="key" value="sugaractivityname"></string>
  <string value=""></string>
  <string role="key" value="sugarservicename"></string>
  <string value=""></string>
  <string role="key" value="tempFile"></string>
  <bool value="0"></bool>
 </dictionary>
</instance>